What is the overall sentiment of the image described in Event 2 (Image b)?,"Based on the description of Image b in Event 2, I can infer that the overall sentiment of the image is neutral or objective.
However, without actually seeing the image, it's difficult to assess its emotional tone beyond being informative and factual about a grey rhino's presence.
But since you asked for a precise and accurate answer based on the provided knowledge base, my response should be:
""There is no indication of sentiment in the image description itself. The image shows a grey rhino.""",
Describe the key elements and context of the scene depicted in Event 4 (Image f).,"Regarding Event 4 (Image f): The key elements depicted in this scene are a cheetah running in a field. Context indicates it occurred on June 6th, 2020, at 10:45:30.",
Compare and contrast the descriptions of the rhinos in Events 1 and 8.,"I'll answer your question by comparing and contrasting the descriptions of the rhinos in Events 1 and 8.
Both events describe a ""rhino"", but that's where the similarities end. Event 1 simply states that ""A rhino is walking in the grass "", with no further description, while Event 8 provides much more detail: ""A grey rhino is walking through tall grass and looking to its right"".
The only difference between these two descriptions is the adjective used to describe the rhino - one says it's a general ""rhino"", while the other specifies that it's a ""grey"" rhino. However, Event 2 also describes the animal as a ""grey rhino"", just like event 8.
Despite this seeming detail, there are no visual differences mentioned in Event 1 or 8 to suggest that the rhinos themselves differ between these two events.",
"Based on Event 3 (Image c), what specific detail distinguishes this image from the others in terms of the rhino?s environment?","Based on Event 3 (Image c), the specific detail that distinguishes this image from the others in terms of the rhino's environment is that it shows the grey rhino standing on a rock. In contrast, Image g (Event 5) shows an alligator lying on water, Image f (Event 4) shows a cheetah running in a field, and Images a and i do not specify any environmental details. The other images either show various animals or lack relevant context to distinguish them from others regarding the rhino's environment.",
Retrieve and summarize the exfiltration details associated with Event 5 (Image g).,"Based on the provided context, here are the exfiltration details associated with Event 5 (Image g):
* Source Computer: Emily-Stan-Laptop
* Source IP: 192.168.1.10
* FTP Server: 192.0.2.1
* Destination IP: 203.0.113.5 (Will Device)
* File Transfer Timestamp: 2020-06-06 10:56:04
This indicates that an image of a green alligator with its eyes closed lying on the water was exfiltrated from Emily-Stan-Laptop to the device at IP address 203.0.113.5 at 10:56 AM on June 6, 2020.",
"Determine if the presence of the alligator in Event 5 (Image g) conveys a positive, negative, or neutral sentiment.","Based on the context, I would analyze the image of a green alligator with its eyes closed lying on the water in Event 5 as conveying a neutral sentiment.
The presence of an alligator, while not inherently positive or negative, can be considered somewhat calm and peaceful due to the fact that it's sleeping. The image doesn't convey any sense of danger or threat, so I would categorize the sentiment as neutral.",
What can be inferred about the sequence of events if all images were ordered by their timestamps?,"If all images were ordered by their timestamps, it can be inferred that events occurred in a specific sequence within the given timeframe:
10:08:15 (Event 1) > 10:22:47 (Event 2) > 10:34:56 (Event 3) > 10:45:30 (Event 4) > 10:56:04 (Event 5) > 11:08:23 (Event 6) > 11:20:45 (Event 7) > 11:30:00 (Event 8)
This ordering suggests that the images were transferred in this exact sequence from Emily-Stan-Laptop to Will Device, with each transfer occurring approximately every 10-15 minutes, and all events taking place on June 6, 2020.",
How would you summarize the image and exfiltration details of Event 7 (Image i) for someone who is unfamiliar with the context?,"You're looking for a summary of Event 7.
Event 7 refers to an image titled ""Image i"" which shows an Elephant and a baby elephant in the wild.
The exfiltration details associated with this event are:
- Source Computer: Emily-Stan-Laptop
- Source IP: 192.168.1.10
- FTP Server: 192.0.2.1
- Destination IP: 203.0.113.5 (Will Device)
- File Transfer Timestamp: 2020-06-06 11:20:45
In other words, at exactly 11:20:45 on June 6th, 2020, a file was transferred from Emily's laptop, using an FTP server located at IP address 192.0.2.1, to a device with the destination IP address 203.0.113.5.",
What does the description in Event 6 (Image h) suggest about the behavior of the crocodiles?,"Based on the description in Event 6 (Image h), it suggests that the crocodiles are waiting or preparing to attack, as one has its mouth open, indicating a possible intent to strike or grab prey. This behavior is consistent with how crocodiles naturally hunt and ambush their prey.

The fact that the crocodile's mouth is open implies a level of alertness and readiness for capture or feeding, which is a characteristic behavior of these animals when they sense potential food in their aquatic environment.",
How does the description of the grey rhino in Event 2 (Image b) differ from its description in Event 8?,"According to the contexts provided for Event 2 and Event 8, where both events refer to a grey rhino being described:
Event 8: The description of the grey rhino is that it is ""walking through tall grass and looking to its right"".
No specific description is found in Event 2.",
What was the time difference between the file transfer in Event 1 (Image a) and the file transfer in Event 4 (Image f)?,"To find the time difference between the file transfer in Event 1 and the file transfer in Event 4, I need to calculate the time elapsed between the two events.
Event 1 timestamp: 2020-06-06 10:08:15
Event 4 timestamp: 2020-06-06 10:45:30
Now, let me subtract the Event 1 timestamp from the Event 4 timestamp...
10:45:30 - 10:08:15 = 37 minutes and 15 seconds.
So, the time difference between the file transfer in Event 1 and the file transfer in Event 4 is 37 minutes and 15 seconds.",
What can be inferred about the setting and actions of the animals based on the images from Events 1 and 8?,"Based on the images from Events 1 and 8, it can be inferred that:
1. The setting is likely a wildlife sanctuary or a nature reserve, given the presence of various animal species such as rhinos, elephants, crocodiles, alligators, and cheetahs.
2. These animals appear to be in their natural habitats, with Event 1 showing a rhino walking in the grass and Event 8 showing a rhino walking through tall grass and looking around its environment.
Additionally, it can also be inferred that:
3. The image captions provide details about exfiltration events from Emily-Stan-Laptop (or possibly multiple laptops, given the ""Stan"" variant) to an unknown endpoint with IP address 203.0.113.5.
4. These images contain sensitive information and have been transferred using FTP servers located at 192.0.2.1, suggesting potential unauthorized or malicious activity related to data exfiltration from Emily's laptop.
Please note that without further context, it is challenging to draw more specific conclusions about these incidents, but based on the available information, it appears to be a cybersecurity-related scenario involving stolen data and potential misuse of the systems involved.",
Are there any inconsistencies in the sentiment conveyed by the descriptions of rhinos across different events?,"There are indeed inconsistencies in the sentiment conveyed by the descriptions of rhinos across different events.
Event 1 describes a rhino walking in the grass, which is a neutral and innocuous activity.
However, Events 3 and 8 describe a grey rhino on a rock or walking through tall grass, respectively. This could imply a sense of danger, predation, or being at risk, shifting the sentiment to possibly negative or concerning.
Furthermore, Event 2 simply states ""The animal in the image is a grey rhino"", without any context, which doesn't convey any particular sentiment about the rhino's actions or status.
Overall, while not all events clearly indicate a specific sentiment towards the rhinos, there are some shifts and inconsistencies in the descriptions that could imply negative connotations.",Partially TRUE
"Based on the image descriptions, what can you infer about the habitat of the animals in Events 3 and 7?","Based on the image descriptions, I can infer the following about the habitat of the animals in Events 3 and 7:
For Event 3:
* A grey rhino is on a rock.
* This suggests that the animal's habitat includes rocks or rocky areas.
For Event 7:
* An elephant and a baby elephant are shown in the wild.
* The term ""wild"" implies that the animals' habitat is a natural, untamed environment rather than a controlled or domestic setting.
* There is no specific indication of what type of terrain (e.g., grassland, forest) would be part of this ""wild"" habitat.
In general, while these image descriptions can provide some hints about the animal habitats, they may not fully represent the complete range of their natural environments.",
What patterns can be observed in the exfiltration details across all events?,"Based on the provided context, several patterns can be observed in the exfiltration details across all events:
1. **Consistent Source Computer**: The source computer for all events is consistently ""Emily-Stan-Laptop"" or variations of it (e.g., ""Emily -Stan-Laptop"").
2. **Common Source IP**: The source IP address for all exfiltration attempts is 192.168.1.10.
3. **Constant FTP Server**: The FTP server used in all events is consistently identified as 192.0.2.1.
4. **Recurring Destination IP**: The destination IP address, which targets a device named ""Will Device,"" remains the same across all events at 203.0.113.5.",
Identify the image with the latest file transfer timestamp and describe the scene.,"Based on the provided context, I will identify the image with the latest file transfer timestamp.
Image c has an Exfiltration Details of Event 3 with a File Transfer Timestamp: 2020-06-06 10:34:56.
Image a has an Exfiltration Details of Event 1 with a File Transfer Timestamp: 2020-06-06 10:08:15, which is earlier than Image c.
Image i has an Exfiltration Details of Event 7 with a File Transfer Timestamp: 2020-06-06 11:20:45, which is later than Image c.
Image b has an Exfiltration Details of Event 2 with a File Transfer Timestamp: 2020-06-06 10:22:47. However, the latest file transfer timestamp belongs to Image i and Image b is earlier but closest among others.
 Image f, g, h have early timestamps among all which does not match with c and slightly close to image i which is more closer to be latest .",
How does the description of the crocodiles in Event 6 (Image h) differ from the alligator in Event 5 (Image g)?,"According to the context, Event 6 (Image h) is a description of crocodiles in the water with one having its mouth open, whereas Event 5 (Image g) is a description of an alligator with its eyes closed lying on the water.
The main differences between the two descriptions are:
* The type of animal: Event 5 describes an ""alligator"", while Event 6 describes ""crocodiles"".
* The posture and actions: In Event 5, the alligator is described as having its eyes closed and lying still, whereas in Event 6, a crocodile is described with its mouth open, suggesting it may be ready to attack or bite.
* There are no other specific differences mentioned between the two animals.",
Which image events provide the most detailed description of the animal?s position and surroundings?,"Based on the provided events and images, Event 3: (Image c) A grey rhino on a rock (Exfiltration Details with File Transfer Timestamp: 2020-06-06 10:34:56) seems to provide the most detailed description of the animal's position.
The image specifically shows ""A grey rhino on a rock"", which implies that the camera captured an image of the rhino situated on top of a solid surface, indicating its position.",
How does the description of the cheetah in Event 4 (Image f) relate to the other animal images in terms of activity?,"Based on the provided context, all animal images appear to be in a stationary or walking state, with no indication of any intense or dynamic activity like running.
Event 4, where the cheetah is described as ""running in a field"", stands out from the other events where animals are resting, walking, or seemingly inactive.",
How does the description of the grey rhino in Event 2 (Image b) differ from its description in Event 8?,"The description of the grey rhino in Event 8 differs from its description in Event 2 in that it is walking through tall grass and looking to its right, whereas it is simply described as ""the animal in the image is a grey rhino"" without context in Event 2.",
